{
  "soundData": [
    [{ "frequency": 1379.4444444444443, "duration": 938 }],
    [{ "frequency": 807.479674796748, "duration": 6144 }],
    [{ "frequency": 1379.4444444444443, "duration": 938 }],
    [{ "frequency": 807.479674796748, "duration": 6144 }],
    [{ "frequency": 902.9090909090909, "duration": 9216 }],
    [{ "frequency": 955, "duration": 3072 }],
    [{ "frequency": 902.9090909090909, "duration": 6144 }],
    [{ "frequency": 807.479674796748, "duration": 12288 }],
    [{ "frequency": 675.6462585034013, "duration": 6144 }],
    [{ "frequency": 536.8648648648649, "duration": 9216 }],
    [{ "frequency": 601.939393939394, "duration": 3072 }],
    [{ "frequency": 675.6462585034013, "duration": 6144 }],
    [{ "frequency": 714.5323741007194, "duration": 12288 }],
    [{ "frequency": 601.939393939394, "duration": 6144 }],
    [{ "frequency": 601.939393939394, "duration": 9216 }],
    [{ "frequency": 567.5428571428571, "duration": 3072 }],
    [{ "frequency": 601.939393939394, "duration": 6144 }],
    [{ "frequency": 675.6462585034013, "duration": 12288 }],
    [{ "frequency": 567.5428571428571, "duration": 6144 }],
    [{ "frequency": 451.45454545454544, "duration": 12288 }],
    [{ "frequency": 601.939393939394, "duration": 6144 }],
    [{ "frequency": 714.5323741007194, "duration": 12288 }],
    [{ "frequency": 807.479674796748, "duration": 6144 }],
    [{ "frequency": 902.9090909090909, "duration": 9216 }],
    [{ "frequency": 955, "duration": 3072 }],
    [{ "frequency": 902.9090909090909, "duration": 6144 }],
    [{ "frequency": 807.479674796748, "duration": 12288 }],
    [{ "frequency": 675.6462585034013, "duration": 6144 }],
    [{ "frequency": 536.8648648648649, "duration": 9216 }],
    [{ "frequency": 601.939393939394, "duration": 3072 }],
    [{ "frequency": 675.6462585034013, "duration": 6144 }],
    [{ "frequency": 714.5323741007194, "duration": 9216 }],
    [{ "frequency": 675.6462585034013, "duration": 3072 }],
    [{ "frequency": 601.939393939394, "duration": 6144 }],
    [{ "frequency": 567.5428571428571, "duration": 9216 }],
    [{ "frequency": 506.734693877551, "duration": 3072 }],
    [{ "frequency": 567.5428571428571, "duration": 6144 }],
    [{ "frequency": 601.939393939394, "duration": 18432 }],
    [{ "frequency": 601.939393939394, "duration": 18432 }],
    [{ "frequency": 1079.5652173913043, "duration": 18432 }],
    [{ "frequency": 1079.5652173913043, "duration": 9216 }],
    [{ "frequency": 955, "duration": 3072 }],
    [{ "frequency": 902.9090909090909, "duration": 6144 }],
    [{ "frequency": 807.479674796748, "duration": 12288 }],
    [{ "frequency": 675.6462585034013, "duration": 6144 }],
    [{ "frequency": 536.8648648648649, "duration": 9216 }],
    [{ "frequency": 601.939393939394, "duration": 3072 }],
    [{ "frequency": 675.6462585034013, "duration": 6144 }],
    [{ "frequency": 714.5323741007194, "duration": 12288 }],
    [{ "frequency": 601.939393939394, "duration": 6144 }],
    [{ "frequency": 601.939393939394, "duration": 9216 }],
    [{ "frequency": 567.5428571428571, "duration": 3072 }],
    [{ "frequency": 601.939393939394, "duration": 6144 }],
    [{ "frequency": 675.6462585034013, "duration": 12288 }],
    [{ "frequency": 567.5428571428571, "duration": 6144 }],
    [{ "frequency": 451.45454545454544, "duration": 18432 }],
    [{ "frequency": 1079.5652173913043, "duration": 18432 }],
    [{ "frequency": 1079.5652173913043, "duration": 9216 }],
    [{ "frequency": 955, "duration": 3072 }],
    [{ "frequency": 902.9090909090909, "duration": 6144 }],
    [{ "frequency": 807.479674796748, "duration": 12288 }],
    [{ "frequency": 675.6462585034013, "duration": 6144 }],
    [{ "frequency": 536.8648648648649, "duration": 9216 }],
    [{ "frequency": 601.939393939394, "duration": 3072 }],
    [{ "frequency": 675.6462585034013, "duration": 6144 }],
    [{ "frequency": 714.5323741007194, "duration": 9216 }],
    [{ "frequency": 675.6462585034013, "duration": 3072 }],
    [{ "frequency": 601.939393939394, "duration": 6144 }],
    [{ "frequency": 601.939393939394, "duration": 1536 }],
    [{ "frequency": 567.5428571428571, "duration": 1536 }],
    [{ "frequency": 601.939393939394, "duration": 1536 }],
    [{ "frequency": 567.5428571428571, "duration": 1536 }],
    [{ "frequency": 601.939393939394, "duration": 1536 }],
    [{ "frequency": 567.5428571428571, "duration": 1536 }],
    [{ "frequency": 601.939393939394, "duration": 1536 }],
    [{ "frequency": 567.5428571428571, "duration": 1536 }],
    [{ "frequency": 601.939393939394, "duration": 1536 }],
    [{ "frequency": 567.5428571428571, "duration": 4608 }],
    [{ "frequency": 506.734693877551, "duration": 6144 }],
    [{ "frequency": 567.5428571428571, "duration": 12288 }],
    [{ "frequency": 601.939393939394, "duration": 36864 }],
    [{ "frequency": 601.939393939394, "duration": 50688 }]
  ]
}
